customer_id,recency,frequency,monetary,r_score,f_score,m_score,segment
12381,4,5,1845.31,4,4,4,VIP
12449,22,4,4067.29,3,3,4,VIP
12463,53,4,1344.78,2,3,3,Loyal
12510,142,2,982.5699999999999,2,2,3,Churned
12530,59,4,1662.28,2,3,3,Loyal
12544,36,1,372.7,3,1,2,Loyal
12574,315,1,218.45000000000002,1,1,1,Churned
12649,107,3,623.51,2,3,2,Churned
12669,150,3,2744.0299999999997,2,3,4,Churned
12691,28,6,1035.8,3,4,3,VIP
12735,315,2,779.5699999999999,1,2,3,Churned
12757,15,13,7834.650000000001,4,4,4,VIP
12769,238,1,1143.6,1,1,3,Churned
12787,9,3,463.66,4,3,2,Loyal
12811,260,3,514.85,1,3,2,Churned
12824,59,1,397.12,2,1,2,Loyal
12829,336,2,293.0,1,2,1,Churned
12832,32,2,383.03000000000003,3,2,2,Loyal
12833,145,1,417.38,2,1,2,Churned
12836,59,4,2610.36,2,3,4,Loyal
12864,138,1,147.12,2,1,1,Churned
12877,3,12,1535.77,4,4,3,VIP
12931,21,15,42055.96,3,4,4,VIP
12976,211,1,738.6,1,1,3,Churned
13006,56,1,81.57,2,1,1,Loyal
13037,138,3,881.07,2,3,3,Churned
13050,14,17,5836.86,4,4,4,VIP
13060,253,1,307.53000000000003,1,1,1,Churned
13070,192,1,228.8,1,1,1,Churned
13120,238,1,30.6,1,1,1,Churned
13124,89,3,3756.33,2,3,4,Loyal
13193,61,1,112.08,2,1,1,Loyal
13210,93,1,353.48,2,1,2,Churned
13236,24,2,744.85,3,2,3,Loyal
13253,156,2,1030.4,2,2,3,Churned
13262,263,1,200.29,1,1,1,Churned
13295,359,1,201.20000000000002,1,1,1,Churned
13345,287,1,389.5,1,1,2,Churned
13362,9,4,3090.7400000000002,4,3,4,VIP
13398,192,1,457.34,1,1,2,Churned
13426,0,10,3641.32,4,4,4,VIP
13456,17,6,1766.72,4,4,4,VIP
13474,236,1,226.84,1,1,1,Churned
13514,73,1,152.20000000000002,2,1,1,Loyal
13565,19,2,240.22,4,2,1,Loyal
13603,26,1,164.34,3,1,1,New
13621,116,1,213.85,2,1,1,Churned
13689,63,1,910.0,2,1,3,Loyal
13706,302,1,330.79,1,1,2,Churned
13728,36,6,1016.14,3,4,3,Loyal
13744,95,2,1080.52,2,2,3,Churned
13870,2,8,2770.94,4,4,4,VIP
13882,2,5,1191.13,4,4,3,VIP
13892,26,4,632.97,3,3,3,VIP
13928,10,4,464.57,4,3,2,Loyal
13934,263,1,922.1,1,1,3,Churned
13937,169,1,158.85,1,1,1,Churned
13969,7,18,9024.17,4,4,4,VIP
13986,17,1,320.46,4,1,1,New
14040,40,12,3560.32,3,4,4,Loyal
14090,324,1,76.32000000000001,1,1,1,Churned
14100,137,1,191.95,2,1,1,Churned
14121,3,4,2780.15,4,3,4,VIP
14142,373,1,311.81,1,1,1,Churned
14162,173,2,289.36,1,2,1,Churned
14191,1,13,4684.76,4,4,4,VIP
14210,105,6,1905.8400000000001,2,4,4,Churned
14220,247,2,632.4,1,2,2,Churned
14288,213,1,426.6,1,1,2,Churned
14333,67,1,415.2,2,1,2,Loyal
14348,260,1,409.57,1,1,2,Churned
14351,164,1,51.0,1,1,1,Churned
14352,157,4,1078.96,1,3,3,Churned
14410,92,9,1100.27,2,4,3,Churned
14427,50,2,363.34000000000003,3,2,2,Loyal
14431,302,1,470.36,1,1,2,Churned
14451,60,2,643.9,2,2,3,Loyal
14463,98,3,529.62,2,3,2,Churned
14493,7,5,2383.24,4,4,4,VIP
14551,18,2,186.23,4,2,1,Loyal
14565,95,4,3099.12,2,3,4,Churned
14601,10,1,213.96,4,1,1,New
14673,3,5,1736.4,4,4,4,VIP
14704,11,9,1493.96,4,4,3,VIP
14719,1,5,1581.84,4,4,3,VIP
14765,29,3,254.11,3,3,1,Loyal
14772,112,1,139.26,2,1,1,Churned
14800,47,12,4331.79,3,4,4,Loyal
14836,10,3,102.44999999999999,4,3,1,Loyal
14842,43,4,2824.69,3,3,4,Loyal
14849,21,25,7930.54,3,4,4,VIP
14868,3,8,2953.59,4,4,4,VIP
14871,3,4,501.28000000000003,4,3,2,Loyal
14880,77,3,690.59,2,3,3,Loyal
14886,252,1,364.8,1,1,2,Churned
14903,21,5,2795.33,3,4,4,VIP
14962,270,1,126.7,1,1,1,Churned
14987,15,2,326.4,4,2,1,Loyal
14988,211,1,334.54,1,1,2,Churned
14997,46,3,546.1999999999999,3,3,2,Loyal
15005,15,28,6295.37,4,4,4,VIP
15031,4,4,653.19,4,3,3,VIP
15044,19,17,7634.7300000000005,4,4,4,VIP
15050,25,3,1737.69,3,3,4,VIP
15061,3,48,54534.14,4,4,4,VIP
15063,213,1,370.79999999999995,1,1,2,Churned
15067,78,3,1744.76,2,3,4,Loyal
15091,67,1,480.71,2,1,2,Loyal
15156,1,3,961.49,4,3,3,VIP
15165,373,1,487.75,1,1,2,Churned
15225,234,1,409.40000000000003,1,1,2,Churned
15239,10,2,780.59,4,2,3,Loyal
15247,122,1,356.0,2,1,2,Churned
15249,31,13,6688.46,3,4,4,Loyal
15255,66,1,890.85,2,1,3,Loyal
15264,64,1,393.74,2,1,2,Loyal
15271,7,15,2493.34,4,4,4,VIP
15291,25,15,4668.3,3,4,4,VIP
15412,171,1,190.53,1,1,1,Churned
15438,131,1,156.57999999999998,2,1,1,Churned
15466,85,1,334.53,2,1,2,Loyal
15530,21,4,1497.31,3,3,3,VIP
15532,25,4,1564.73,3,3,3,VIP
15554,277,1,217.2,1,1,1,Churned
15568,2,3,758.29,4,3,3,VIP
15572,4,7,2533.42,4,4,4,VIP
15597,35,1,324.57,3,1,1,Loyal
15601,11,14,6776.56,4,4,4,VIP
15607,336,1,104.76,1,1,1,Churned
15652,91,1,337.74,2,1,2,Churned
15753,304,1,79.2,1,1,1,Churned
15815,63,5,2100.6,2,4,4,Loyal
15888,80,1,168.31,2,1,1,Loyal
15900,23,1,337.28000000000003,3,1,2,New
15935,239,2,416.86,1,2,2,Churned
15969,2,3,666.1,4,3,3,VIP
15990,44,2,792.11,3,2,3,Loyal
16008,23,3,478.78,3,3,2,Loyal
16009,22,4,972.11,3,3,3,VIP
16030,309,1,331.24,1,1,2,Churned
16055,220,1,134.8,1,1,1,Churned
16114,170,1,135.75000000000003,1,1,1,Churned
16157,15,3,656.69,4,3,3,VIP
16160,65,2,1025.44,2,2,3,Loyal
16177,50,1,331.95,3,1,2,Loyal
16181,73,1,305.54,2,1,1,Loyal
16186,22,12,4006.94,3,4,4,VIP
16201,3,4,1863.47,4,3,4,VIP
16212,19,2,690.34,4,2,3,Loyal
16243,33,2,409.1,3,2,2,Loyal
16244,211,2,1522.75,1,2,3,Churned
16260,50,1,1035.45,3,1,3,Loyal
16305,138,1,361.21999999999997,2,1,2,Churned
16344,158,1,101.10000000000001,1,1,1,Churned
16348,32,7,1415.65,3,4,3,Loyal
16367,37,2,800.67,3,2,3,Loyal
16392,269,1,217.89000000000001,1,1,1,Churned
16404,70,1,443.05,2,1,2,Loyal
16409,36,5,2022.98,3,4,4,Loyal
16448,198,1,182.99,1,1,1,Churned
16466,33,7,1595.96,3,4,3,Loyal
16493,79,4,1351.6299999999999,2,3,3,Loyal
16525,2,26,13027.45,4,4,4,VIP
16555,35,2,285.89,3,2,1,Loyal
16560,26,2,841.41,3,2,3,Loyal
16561,5,2,511.12,4,2,2,Loyal
16572,127,3,1009.6,2,3,3,Churned
16602,36,1,528.08,3,1,2,Loyal
16603,74,2,482.47,2,2,2,Loyal
16618,31,5,2647.59,3,4,4,Loyal
16628,29,5,2188.05,3,4,4,VIP
16652,58,7,6773.97,2,4,4,Loyal
16680,43,1,183.7,3,1,1,Loyal
16686,47,7,2959.88,3,4,4,Loyal
16734,52,3,646.76,3,3,3,Loyal
16745,86,17,7180.7,2,4,4,Loyal
16752,372,1,207.5,1,1,1,Churned
16756,214,1,239.4,1,1,1,Churned
16757,318,1,106.83000000000001,1,1,1,Churned
16816,103,4,417.06,2,3,2,Churned
16823,227,1,358.38,1,1,2,Churned
16824,15,2,460.64,4,2,2,Loyal
16829,156,1,197.22,2,1,1,Churned
16835,128,2,180.85,2,2,1,Churned
16851,4,3,342.45,4,3,2,Loyal
16869,22,4,817.12,3,3,3,VIP
16898,26,3,501.03,3,3,2,Loyal
16913,290,1,113.44,1,1,1,Churned
16918,49,6,1068.82,3,4,3,Loyal
16931,5,21,4554.87,4,4,4,VIP
16942,12,9,1904.99,4,4,4,VIP
16954,0,9,2085.08,4,4,4,VIP
16971,38,1,357.21,3,1,2,Loyal
16984,88,2,4459.52,2,2,4,Loyal
17018,40,2,920.1,3,2,3,Loyal
17062,313,4,533.33,1,3,2,Churned
17081,25,2,288.91,3,2,1,Loyal
17096,15,4,1022.13,4,3,3,VIP
17101,10,4,1621.73,4,3,3,VIP
17109,29,6,881.29,3,4,3,VIP
17119,3,2,606.91,4,2,2,Loyal
17120,233,1,307.46,1,1,1,Churned
17160,31,6,3518.03,3,4,4,Loyal
17165,284,1,158.68,1,1,1,Churned
17198,23,3,692.22,3,3,3,VIP
17290,3,2,513.01,4,2,2,Loyal
17306,10,19,8631.31,4,4,4,VIP
17330,22,2,363.9,3,2,2,Loyal
17373,40,4,646.92,3,3,3,Loyal
17415,79,1,507.84,2,1,2,Loyal
17425,19,2,759.17,4,2,3,Loyal
17505,161,2,1145.84,1,2,3,Churned
17511,2,31,91062.38,4,4,4,VIP
17578,218,1,143.45999999999998,1,1,1,Churned
17600,17,1,161.67000000000002,4,1,1,New
17620,59,1,81.44,2,1,1,Loyal
17678,263,1,298.11,1,1,1,Churned
17682,10,6,2474.33,4,4,4,VIP
17692,127,4,740.94,2,3,3,Churned
17719,37,15,5396.04,3,4,4,Loyal
17839,42,1,318.15,3,1,1,Loyal
17846,85,1,2033.1,2,1,4,Loyal
17858,5,12,5140.66,4,4,4,VIP
17862,323,1,330.9,1,1,2,Churned
17980,165,3,811.45,1,3,3,Churned
18006,23,1,444.68,3,1,2,New
18055,7,10,6761.34,4,4,4,VIP
18066,75,1,318.0,2,1,1,Loyal
18094,81,7,3017.3,2,4,4,Loyal
18116,67,8,1403.1100000000001,2,4,3,Loyal
18123,24,2,574.4399999999999,3,2,2,Loyal
18159,301,1,530.15,1,1,2,Churned
18172,14,20,7561.68,4,4,4,VIP
18183,227,2,632.07,1,2,2,Churned
18216,31,1,481.75,3,1,2,Loyal
18232,81,4,592.97,2,3,2,Loyal
18236,29,6,882.24,3,4,3,VIP
18248,122,2,804.02,2,2,3,Churned
18260,172,6,2628.35,1,4,4,Churned
18270,38,2,283.15000000000003,3,2,1,Loyal
